Date,etf,replicated
2025-07-01,544.3682250976562,544.1127711154064
2025-07-02,548.159912109375,548.1489324105002
2025-07-03,553.553955078125,553.6467323729929
2025-07-07,549.3840942382812,549.2676448120649
2025-07-08,549.6926879882812,549.6729834444916
2025-07-09,553.5838623046875,553.6265937141665
2025-07-10,552.7877197265625,552.7580372649677
2025-07-11,551.5435791015625,551.5968801798989
2025-07-14,553.5440063476562,553.3879567607985
2025-07-15,554.051513671875,554.0715287522839
2025-07-16,554.6188354492188,554.6867910715453
2025-07-17,559.107177734375,558.8180478459901
2025-07-18,558.56982421875,558.4409612609761
2025-07-21,561.4658813476562,561.206921464124
2025-07-22,558.5598754882812,558.3233625292984
2025-07-23,561.1075439453125,560.7540922887172
2025-07-24,562.3018798828125,562.1639570517752
2025-07-25,563.6553344726562,563.451794679794
2025-07-28,565.4168090820312,565.5470056842001
2025-07-29,564.541015625,564.38978445039
2025-07-30,565.2974853515625,565.2246277765105
2025-07-31,562.3018798828125,562.1802459356338
2025-08-01,551.2251586914062,551.0689884745677
2025-08-04,561.3961791992188,561.3743304188476
2025-08-05,557.5845336914062,557.2856282052217
2025-08-06,564.6007690429688,564.79909076999
2025-08-07,566.5115356445312,566.6020174990073
2025-08-08,571.7960815429688,572.0274672496397
2025-08-11,570.1041870117188,570.0324696603022
2025-08-12,577.2697143554688,577.7072032588776
2025-08-13,577.558349609375,577.960935218807
2025-08-14,577.1105346679688,577.5947163394634
2025-08-15,574.57275390625,574.6879094947844
2025-08-18,574.3438110351562,574.763564052917
2025-08-19,566.5513916015625,566.703962660998
2025-08-20,563.1876220703125,563.3974444396075
2025-08-21,560.5801391601562,560.8800327863318
2025-08-22,569.2284545898438,569.5710903532448
2025-08-25,567.5863647460938,567.8249076480793
2025-08-26,569.8654174804688,570.287996070069
2025-08-27,570.7412109375,571.2727918097331
2025-08-28,574.31396484375,574.5883426263985
2025-08-29,567.666015625,567.6209376302197
2025-09-02,562.908935546875,563.147343936843
2025-09-03,567.337646484375,567.6641683445883
2025-09-04,572.4728393554688,573.0162153747083
2025-09-05,573.298828125,573.6204269290481
2025-09-08,576.0953369140625,576.3385668504534
2025-09-09,577.7276000976562,578.2247475180335
2025-09-10,577.9166870117188,578.7029677401729
2025-09-11,581.2803955078125,582.120354300069
2025-09-12,583.8480224609375,584.5699178256466
2025-09-15,588.843994140625,589.5711171239832
2025-09-16,588.346435546875,589.1047790206601
2025-09-17,587.1720581054688,587.8791680828153
2025-09-18,592.466552734375,593.6017252902931
2025-09-19,596.4771728515625,597.7467622590528
2025-09-22,600.0083618164062,601.116146001619
2025-09-23,596.02294921875,596.7082368632197
2025-09-24,593.9305419921875,594.9090347996756
2025-09-25,591.3699340820312,592.3161341741567
2025-09-26,593.801025390625,594.7168068086822
2025-09-29,596.5509643554688,597.2626028008389
2025-09-30,598.18505859375,598.9569131325179
2025-10-01,601.0545043945312,601.9378732879736
2025-10-02,603.5254516601562,604.1787450978495
2025-10-03,600.9848022460938,601.6315061713761
2025-10-06,605.498291015625,606.3319706832892
2025-10-07,602.3099365234375,602.9692417614945
2025-10-08,609.2147827148438,610.1829625584649
2025-10-09,608.4774169921875,609.2564744465551
2025-10-10,587.3546142578125,587.9277537573565
2025-10-13,599.8190307617188,600.7867485850137
2025-10-14,595.8236083984375,596.6293811933377
2025-10-15,600.0281982421875,600.6658633239317
2025-10-16,597.8063354492188,598.5241552778217
2025-10-17,601.7320556640625,602.436935138847
2025-10-20,609.3142700195312,610.2967997852777
2025-10-21,609.1549682617188,609.9596782414064
2025-10-22,603.286376953125,603.919036607727
2025-10-23,608.3578491210938,609.2347266591948
2025-10-24,614.8540649414062,615.5794976721104
2025-10-27,625.8041381835938,626.8592065292327
2025-10-28,630.6165771484375,631.508025760179
2025-10-29,633.4562377929688,634.1322497485684
2025-10-30,623.7715454101562,624.7651518653611
2025-10-31,626.7805786132812,627.8470504265532
2025-11-03,629.7796020507812,630.6434938888477
2025-11-04,616.996337890625,617.5677042163917
2025-11-05,621.01171875,622.0326132530558
2025-11-06,609.4439086914062,610.1245450912132
2025-11-07,607.5209350585938,608.4111240777052
2025-11-10,620.9618530273438,621.9142270410114
2025-11-11,619.307861328125,620.0124665531519
2025-11-12,618.8196411132812,619.6288908097844
2025-11-13,606.1858520507812,606.9000256631548
2025-11-14,606.6441040039062,607.3358683060311
2025-11-17,601.4630737304688,602.2747332379055
2025-11-18,594.1397705078125,595.0531951547697
2025-11-19,597.6868896484375,598.4010046433569
2025-11-20,583.5385131835938,584.2438991537193
2025-11-21,587.9224853515625,588.8035319339577
2025-11-24,602.9575805664062,604.2357792111166
2025-11-25,606.6740112304688,607.7567446991421
2025-11-26,612.034423828125,613.1119224223171
2025-11-28,616.996337890625,617.9580630119017
2025-12-01,614.923828125,615.7074734005074
2025-12-02,619.736328125,620.8942452146002
2025-12-03,621.2507934570312,622.1677052962556
2025-12-04,620.6729125976562,621.5900896122163
2025-12-05,623.20361328125,624.3423029455167
2025-12-08,622.008056640625,622.8295114576775
2025-12-09,622.7752075195312,623.8182952262425
2025-12-10,625.3258666992188,626.4587428987809
2025-12-11,623.3032836914062,624.2777572970856
2025-12-12,611.3868408203125,612.3762052434113
2025-12-15,608.3179931640625,609.279108822844
2025-12-16,609.5235595703125,610.8774673078541
2025-12-17,598.224853515625,599.0729743430769
2025-12-18,606.8932495117188,608.1170152483908
2025-12-19,614.8042602539062,616.0703861677523
2025-12-22,617.7513427734375,619.0436233990114
2025-12-23,620.6444702148438,622.1149320042874
2025-12-24,622.4602661132812,623.781221186302
2025-12-26,622.4202880859375,623.4944654361235
2025-12-29,619.4074096679688,620.6172796576143
2025-12-30,617.9707641601562,619.0805918718656
2025-12-31,612.8628540039062,613.9187066074853
2026-01-02,611.6757202148438,612.9214083489735
2026-01-05,616.5341796875,617.7121011121225
2026-01-06,621.951416015625,623.5402077515191
2026-01-07,622.550048828125,623.9026672564921
2026-01-08,619.0083618164062,620.3259291493074
2026-01-09,625.173828125,626.6575661012243
2026-01-12,625.6925659179688,627.1857985444385
2026-01-13,624.7647705078125,626.0652178752277
2026-01-14,618.0905151367188,619.3803922175064
2026-01-15,620.3153076171875,621.3579410737108
2026-01-16,619.7965087890625,620.917323639591
2026-01-20,606.6276245117188,607.4113235461404
2026-01-21,614.8282470703125,615.8240638060344
2026-01-22,619.2976684570312,620.9127510202147
2026-01-23,621.2530517578125,623.1434637254484
2026-01-26,623.9866333007812,625.885547836666
2026-01-27,629.6432495117188,631.7040458132428
2026-01-28,631.7283325195312,633.8176391906923
2026-01-29,627.947265625,630.2068261430212
2026-01-30,620.4050903320312,621.6725336310302
2026-02-02,624.6650390625,625.580876961776
2026-02-03,615.0676879882812,614.9205192078574
2026-02-04,604.3230590820312,603.7500582510983
2026-02-05,595.6236572265625,595.3258628807971
2026-02-06,608.2138671875,607.8753468953851
2026-02-09,612.8728637695312,613.0360424485855
2026-02-10,610.029541015625,609.9640391292177
2026-02-11,611.6657104492188,611.5700572957687
2026-02-12,599.22509765625,597.8841812785164
2026-02-13,600.5020751953125,599.0419427384987
2026-02-17,599.8834838867188,599.1905050861048
2026-02-18,604.3629150390625,604.5395322305139
2026-02-19,602.0484008789062,602.3858855540195
2026-02-20,607.3758544921875,608.0766289019359
2026-02-23,599.9932250976562,600.0493854480882
2026-02-24,606.4380493164062,606.5719901177799
2026-02-25,615.227294921875,615.5127543592714
2026-02-26,607.8048095703125,608.3377932824877
2026-02-27,605.859375,606.0332263366206
2026-03-02,606.6575317382812,606.9522851197947
2026-03-03,600.1629028320312,599.9903394384747
2026-03-04,609.311279296875,609.3607860746517
2026-03-05,607.4755249023438,608.229065641525
2026-03-06,598.337158203125,598.7799372463007
2026-03-09,606.3283081054688,606.8792930924899
2026-03-10,606.3383178710938,606.4735616208895
2026-03-11,606.2584838867188,606.9359356486505
2026-03-12,595.8530883789062,595.7989829196482
2026-03-13,592.3213500976562,591.8244359608588
2026-03-16,598.9656982421875,598.8427775501904
2026-03-17,601.8887939453125,602.1069786946969
2026-03-18,593.4986572265625,593.6196051950918
2026-03-19,591.623046875,592.0980827203455
2026-03-20,580.6888427734375,581.013235505067
2026-03-23,587.3545532226562,587.9903394113954
2026-03-24,583.3389282226562,583.448010167351
2026-03-25,587.1747436523438,587.3692877111725
2026-03-26,573.1600952148438,573.3318697826495
2026-03-27,561.9624633789062,562.2672844224965
2026-03-30,557.6671752929688,557.8951584151624
2026-03-31,576.54638671875,577.0901740213707
2026-04-01,583.6685791015625,583.952104265553
2026-04-02,584.3378295898438,584.6305132324392
2026-04-06,587.85400390625,588.2052158458388
2026-04-07,587.9439086914062,588.4554018150728
2026-04-08,605.4246826171875,605.54184307428
2026-04-09,609.5202026367188,609.9286279072844
2026-04-10,610.3992309570312,610.7595269979523
2026-04-13,616.7122802734375,617.2802917926363
2026-04-14,627.909912109375,628.450496346606
2026-04-15,636.7003173828125,637.287471443222
2026-04-16,639.7669067382812,640.4201635578404
2026-04-17,648.1376953125,648.6932211207907
2026-04-20,646.0799560546875,646.7485916550452
2026-04-21,643.6226806640625,644.0723025582672
2026-04-22,654.390869140625,654.9601323270722
2026-04-23,650.7048950195312,651.3601835026072
2026-04-24,663.1512451171875,663.8799706292509
2026-04-27,663.5008544921875,663.5379599401435
2026-04-28,656.8281860351562,657.0890756943587
2026-04-29,660.84375,660.6688470565985
2026-04-30,667.0069580078125,667.0110434018154
2026-05-01,673.4099731445312,673.0457732085808
2026-05-04,672.141357421875,671.345852257727
2026-05-05,680.8617553710938,679.5769918755768
2026-05-06,695.0062255859375,693.8729199064198
2026-05-07,694.1771240234375,693.3671741419975
2026-05-08,710.44921875,708.8118084811551
2026-05-11,712.5069580078125,711.0089899309659
2026-05-12,706.463623046875,705.1821363845969
2026-05-13,713.9254760742188,712.614768014064
2026-05-14,718.9998168945312,718.1767576932998
2026-05-15,708.1517944335938,707.0484473106077
2026-05-18,705.1051025390625,704.4443490035969
2026-05-19,700.7599487304688,699.8563887307414
2026-05-20,712.3671875,711.6549649570849
2026-05-21,713.7256469726562,712.237029856939
2026-05-22,716.7523193359375,715.6909741178533
2026-05-26,729.4783935546875,727.9952740907443
2026-05-27,728.6492919921875,727.3528014371446
2026-05-28,734.79248046875,733.3787162559169
2026-05-29,737.49951171875,735.9438079624764
2026-06-01,741.9246826171875,740.018950062875
2026-06-02,745.3408813476562,743.5363967054677
2026-06-03,743.39306640625,740.940182253945
2026-06-04,739.7969970703125,737.399750763627
2026-06-05,704.2860107421875,702.9579330202907
2026-06-08,715.283935546875,713.7296398820511
2026-06-09,707.052978515625,705.7701866031799
2026-06-10,692.9285278320312,691.4994540137025
2026-06-11,716.332763671875,713.3199120873453
2026-06-12,720.5481567382812,717.4623480486391
2026-06-15,743.1832885742188,739.1759028370902
2026-06-16,729.0587768554688,725.7404910159077
2026-06-17,721.7168579101562,718.5520353595819
2026-06-18,739.8070068359375,735.593741515833
2026-06-22,737.9500122070312,733.8355508681309
2026-06-23,713.6500244140625,709.5084257625972
2026-06-24,710.6199951171875,706.3836519112439
2026-06-25,716.3800048828125,711.4387524781206
2026-06-26,706.52001953125,703.6344201809635
2026-06-29,724.0800170898438,719.5366683678735
2026-06-30,736.4000244140625,731.7097928566603
2026-07-01,725.1699829101562,720.4264042548015
2026-07-02,712.5999755859375,708.8039460421572
2026-07-06,722.8200073242188,717.7917220416707
2026-07-07,709.4299926757812,705.5701414109602
2026-07-08,711.4400024414062,707.6024824051962
2026-07-09,723.280029296875,719.0176275567092
2026-07-10,725.510009765625,721.8460839470299
2026-07-13,711.739990234375,708.4485228366292
2026-07-14,719.6900024414062,716.5402531995868
2026-07-15,717.739990234375,714.5270184220657
2026-07-16,705.9400024414062,703.0696942275353
2026-07-17,695.3300170898438,692.8626514150018
2026-07-20,696.0599975585938,693.3951732815021
2026-07-21,708.969970703125,706.699611765891
2026-07-22,705.3499755859375,703.3475867755136
2026-07-23,691.9600219726562,689.8253901117387
2026-07-24,684.22998046875,682.0264833210405
2026-07-27,682.1199951171875,679.9347806138154
2026-07-28,675.489990234375,673.0138513530446
2026-07-29,661.72998046875,659.23440585554
2026-07-30,683.5499877929688,681.6889460183199
2026-07-31,687.989990234375,686.0831369511218
2026-08-03,700.0700073242188,698.0473607905346
2026-08-04,723.8499755859375,720.8771056875494
2026-08-05,717.2999877929688,715.904761051784
2026-08-06,714.6500244140625,712.6971142059134
2026-08-07,723.030029296875,720.1459443908774
2026-08-10,720.8699951171875,717.4027509304124
2026-08-11,718.4500122070312,715.3748639353576
2026-08-12,723.7000122070312,719.9162925316947
2026-08-13,732.0700073242188,728.5948461432969
2026-08-14,731.0700073242188,727.7695446636283
2026-08-17,729.8699951171875,726.1560056769547
2026-08-18,717.510009765625,713.9838049680468
2026-08-19,716.0800170898438,712.6262941922766
2026-08-20,710.9299926757812,707.8510703407184
2026-08-21,713.4400024414062,710.0982390873966
2026-08-24,706.3200073242188,703.2304442678827
2026-08-25,710.719970703125,707.6063030898393
2026-08-26,711.3699951171875,707.8808928949445
2026-08-27,721.1099853515625,718.020116337548
2026-08-28,716.4299926757812,712.9187647604646
2026-08-31,716.760009765625,713.3685348511048
2026-09-01,707.6400146484375,704.169963532752
2026-09-02,709.239990234375,705.8857957552613
2026-09-03,717.6699829101562,713.6966516530418
2026-09-04,718.9600219726562,715.4411789354225
2026-09-08,718.3599853515625,714.2102529950935
2026-09-09,716.3099975585938,712.4537987189632
2026-09-10,708.6900024414062,704.6906421071029
