month,jpx_n,jpx_w_per,recon_jpx,n,etf1475,miss1475,neg1475,etf1329,miss1329,neg1329,err_%
2020-06-30,2155.0,19.5,20.59,371,15.97,1179,39,20.97,36,20,5.6
2020-07-31,2167.0,18.8,20.09,347,15.58,1180,50,20.74,36,27,6.9
2020-08-31,2166.0,20.3,21.69,348,18.08,1176,61,23.56,36,34,6.8
2020-09-30,2172.0,20.5,20.42,347,18.06,1177,63,23.79,36,34,-0.4
2020-10-31,2171.0,19.9,20.03,345,17.57,1177,63,23.58,35,37,0.7
2020-11-30,2174.0,22.2,22.48,347,20.04,1172,71,27.33,35,40,1.3
2020-12-31,2181.0,22.8,23.3,348,20.62,1171,70,28.28,35,40,2.2
2021-01-31,2188.0,23.1,23.33,348,20.34,1176,70,28.52,36,40,1.0
2021-02-28,2190.0,23.9,25.34,354,18.94,1181,65,25.14,37,38,6.0
2021-03-31,2182.0,26.2,26.39,355,20.01,1197,63,25.74,41,38,0.7
2021-04-30,2183.0,25.5,25.93,354,18.74,1200,58,24.36,41,34,1.7
2021-05-31,2186.0,26.1,20.61,370,16.61,1191,49,17.94,38,27,-21.0
2021-06-30,2181.0,21.7,20.98,370,16.82,1194,47,17.99,37,27,-3.3
2021-07-31,2181.0,21.2,20.54,344,15.7,1188,46,16.38,33,25,-3.1
2021-08-31,2180.0,21.9,21.12,344,14.43,1185,38,16.03,32,21,-3.5
2021-09-30,2164.0,22.6,21.94,345,14.96,1185,38,16.77,32,21,-2.9
2021-10-31,2166.0,22.3,21.56,347,14.51,1187,41,16.0,31,23,-3.3
2021-11-30,2167.0,21.3,20.83,347,13.43,1196,36,16.15,31,18,-2.2
2021-12-31,2165.0,21.9,21.54,347,13.88,1200,35,16.68,31,18,-1.7
2022-01-31,2163.0,20.8,20.46,348,13.05,1197,38,15.07,31,19,-1.6
2022-02-28,2161.0,20.7,18.6,354,12.71,1194,35,15.4,36,17,-10.1
2022-03-31,2159.0,19.7,19.36,354,13.17,1201,35,16.08,40,17,-1.7
2022-04-30,1821.0,19.2,18.77,358,13.04,1201,32,15.39,40,14,-2.2
2022-05-31,1822.0,19.1,14.69,388,13.28,1194,30,17.22,39,13,-23.1
2022-06-30,1833.0,14.3,14.31,389,12.9,1198,30,16.51,40,13,0.1
2022-07-31,1832.0,14.9,14.94,372,13.66,1195,29,17.07,41,10,0.2
2022-08-31,1831.0,15.0,15.1,374,13.31,1184,30,16.87,37,11,0.7
2022-09-30,1826.0,14.1,14.57,373,12.58,1188,29,15.57,37,11,3.4
2022-10-31,1825.0,14.8,15.31,373,13.08,1193,29,16.16,40,11,3.4
2022-11-30,1825.0,15.1,15.6,376,13.37,1185,31,16.39,37,10,3.3
2022-12-31,1826.0,14.4,14.26,376,12.7,1191,31,15.22,38,10,-1.0
2023-01-31,1827.0,15.0,14.93,376,13.28,1192,30,15.88,37,11,-0.5
2023-02-28,1824.0,15.1,14.83,377,13.54,1193,27,16.06,37,11,-1.8
2023-03-31,1825.0,15.0,14.77,378,13.69,1199,26,16.54,40,10,-1.5
2023-04-30,1824.0,15.3,15.11,371,13.9,1197,24,17.12,39,8,-1.3
2023-05-31,1826.0,15.8,14.72,405,14.28,1191,27,18.5,40,9,-6.8
2023-06-30,1830.0,16.8,16.2,404,15.36,1196,25,19.72,41,9,-3.6
2023-07-31,1831.0,17.0,16.95,376,14.69,1193,24,19.46,37,9,-0.3
2023-08-31,1831.0,17.1,16.99,376,14.34,1190,26,17.61,32,10,-0.7
2023-09-30,1826.0,17.0,16.92,376,480635.87,1189,26,16.96,32,10,-0.5
2023-10-31,1650.0,16.5,16.43,377,13.54,1188,22,16.52,31,10,-0.4
2023-11-30,1650.0,17.4,17.46,378,13.92,1181,20,18.14,27,10,0.4
2023-12-31,1649.0,17.3,17.35,378,13.84,1185,21,18.19,29,10,0.3
2024-01-31,1648.0,18.6,18.79,378,14.87,1191,24,19.63,30,12,1.0
2024-02-29,1647.0,19.5,19.63,380,15.54,1194,26,22.94,33,15,0.7
2024-03-31,1642.0,20.2,20.22,378,15.96,1200,25,23.6,33,15,0.1
2024-04-30,1641.0,19.9,19.79,366,15.76,1200,24,22.22,33,13,-0.5
2024-05-31,1634.0,19.9,16.57,383,15.9,1198,21,21.92,32,8,-16.7
2024-06-30,1639.0,17.4,16.87,381,16.13,1202,20,22.63,35,8,-3.0
2024-07-31,1640.0,17.3,16.95,347,16.03,1200,19,21.86,35,8,-2.0
2024-08-31,1636.0,16.8,16.55,347,15.37,1189,22,21.32,33,9,-1.5
2024-09-30,1636.0,16.4,16.09,346,14.93,1189,22,20.82,33,9,-1.9
2024-10-31,1634.0,16.7,16.43,347,15.31,1189,24,21.26,34,10,-1.6
2024-11-30,1637.0,16.5,16.25,347,15.01,1192,25,18.35,36,11,-1.5
2024-12-31,1632.0,17.2,16.96,344,15.6,1196,25,19.15,37,11,-1.4
2025-01-31,1632.0,17.2,16.99,346,15.41,1198,24,18.77,38,10,-1.2
2025-02-28,1629.0,16.6,16.26,359,14.51,1200,24,18.89,43,10,-2.0
2025-03-31,1630.0,16.4,16.01,360,14.3,1222,21,18.2,49,10,-2.4
2025-04-30,1626.0,16.5,16.14,356,14.41,1222,19,18.23,49,9,-2.2
2025-05-31,1621.0,17.3,15.99,379,15.44,1224,12,18.9,49,8,-7.6
2025-06-30,1620.0,16.0,16.23,378,15.76,1227,12,20.17,50,8,1.5
2025-07-31,1618.0,16.5,16.8,367,15.95,1224,12,20.12,48,8,1.8
2025-08-31,1614.0,17.2,17.51,367,16.69,1221,18,20.01,45,10,1.8
2025-09-30,1607.0,17.5,17.92,367,17.09,1227,18,21.12,46,10,2.4
2025-10-31,1608.0,18.6,19.33,366,18.04,1224,19,24.15,44,11,3.9
2025-11-30,1597.0,18.8,19.43,366,17.07,1216,20,20.65,40,10,3.3
2025-12-31,1593.0,18.9,19.57,366,17.19,1218,20,20.67,40,10,3.5
2026-01-31,1591.0,19.8,20.38,364,17.79,1220,20,21.56,40,10,2.9
2026-02-28,1585.0,21.8,22.35,370,19.54,1224,20,22.67,40,11,2.5
2026-03-31,1562.0,19.2,19.74,370,17.25,1230,21,19.61,41,11,2.8
2026-04-30,1558.0,20.4,20.94,370,18.38,1231,22,22.37,41,11,2.6
2026-05-31,1547.0,21.8,19.83,394,18.62,1229,21,23.05,41,10,-9.1
2026-06-30,1540.0,20.4,20.1,394,18.82,1231,21,24.48,42,10,-1.5
2026-07-31,1538.0,20.1,19.57,371,18.11,1228,20,21.21,42,10,-2.6
2026-08-31,1538.0,20.8,20.28,372,17.62,1221,17,20.9,38,8,-2.5
